{
  "DisplayName": "Read Email",
  "Tooltip": "This workflow Uses the Microsoft Graph Get message and List messages APIs to retrieve the matching messages from a specified mailbox (in_MailAccount).\n\nAfter performing the search, the activity returns an array of the matching Office365Message objects (Result_Email_List) that you can use as input variables in subsequent activities (e.g., Forward Mail and Move Mail).\nThe output will be a list of O365MailMessages.\n\nList of arguments used:\n\nApplication_Secret_Asset_Name - Name of the asset containing the Application Secret ID - Secure String (Password of the credential is being used).\nApplicationID_Asset_Name- Name of the asset containing the Application ID.\nTenantID_Asset_Name- Name of the asset containing the Tenant ID.\nEmail_Account - The email address, with which to interact.\nEmail_Folder-  The mail folder, from which the messages are to be retrieved.\nMail_Count- The maximum number of mails that are to be retrieved. It is mandatory to provide a mail count.\nEmail_Filter- Query used for filtering the returned emails. If the query is not completed, all emails are returned. \nMark_Email_As_Read-  If True, the returned messages are marked as read.\nRead_Only_Unread_Mail- If True, the returned messages are unread emails\r\nResult_Email_List - Returns all emails from the user's inbox. This field supports only Office365Message[] variables. ",
  "HelpLink": null,
  "Color": null,
  "OriginalIconFileName": null,
  "Arguments": [
    {
      "Name": "Mark_Email_As_Read",
      "DisplayName": "Mark_Email_As_Read",
      "Category": null,
      "Tooltip": null,
      "Placeholder": null,
      "Widget": null,
      "IsRequired": false,
      "IsPrincipal": true,
      "DataSourceItems": null
    },
    {
      "Name": "TenantID_Asset_Name",
      "DisplayName": "TenantID_Asset_Name",
      "Category": null,
      "Tooltip": null,
      "Placeholder": null,
      "Widget": null,
      "IsRequired": false,
      "IsPrincipal": true,
      "DataSourceItems": null
    },
    {
      "Name": "ApplicationID_Asset_Name",
      "DisplayName": "ApplicationID_Asset_Name",
      "Category": null,
      "Tooltip": null,
      "Placeholder": null,
      "Widget": null,
      "IsRequired": false,
      "IsPrincipal": true,
      "DataSourceItems": null
    },
    {
      "Name": "Application_Secret_Asset_Name",
      "DisplayName": "Application_Secret_Asset_Name",
      "Category": null,
      "Tooltip": null,
      "Placeholder": null,
      "Widget": null,
      "IsRequired": false,
      "IsPrincipal": true,
      "DataSourceItems": null
    },
    {
      "Name": "Email_Account",
      "DisplayName": "Email_Account",
      "Category": null,
      "Tooltip": null,
      "Placeholder": null,
      "Widget": null,
      "IsRequired": false,
      "IsPrincipal": true,
      "DataSourceItems": null
    },
    {
      "Name": "Email_Folder",
      "DisplayName": "Email_Folder",
      "Category": null,
      "Tooltip": null,
      "Placeholder": null,
      "Widget": null,
      "IsRequired": false,
      "IsPrincipal": true,
      "DataSourceItems": null
    },
    {
      "Name": "Result_Email_List",
      "DisplayName": "Result_Email_List",
      "Category": null,
      "Tooltip": null,
      "Placeholder": null,
      "Widget": null,
      "IsRequired": false,
      "IsPrincipal": true,
      "DataSourceItems": null
    },
    {
      "Name": "Email_Filter",
      "DisplayName": "Email_Filter",
      "Category": null,
      "Tooltip": null,
      "Placeholder": null,
      "Widget": null,
      "IsRequired": false,
      "IsPrincipal": true,
      "DataSourceItems": null
    }
  ]
}