{
  "DisplayName": "Send Email",
  "Tooltip": "This workflow uses the Microsoft Graph Create message and Send mail APIs to send a message (Body and Subject) to one or more recipients (To, CC, and BCC). This activity also gives you the option to include one or more attachments (Attachments) with your message.\n\nList of arguments used:\nin_ApplicationSecretAssetName - Name of the asset containing the Application Secret ID - Secure String (Password of the credential is being used).\nin_ApplicationIDAssetName- Name of the asset containing the Application ID.\nin_TenantIDAssetName- Name of the asset containing the Tenant ID.\nin_MailBody - The body of the mail, that is to be sent. ( In HTML format)\nin_MailSubject - The mail subject of the mail that is to be sent.\nin_MailAccount- The mail account that is being used to send the mail. \nin_MailRecipientCC - String array of the recipients to which the mail is to be CC'ed. ( A comma-separated list of email addresses that you want to be included as Cc recipients.)\nin_MailRecipientTo - String array of the recipients to which the mail has to be sent. ( A comma-separated list of email addresses that you want to send your mail to. )\nin_ListOfAttachments - List of files that are to be attached with the mail.\r\nOrchestrator_Folder_Path - This refers to the folder in Orchestrator where the assets are created for the Email API.\n\nout_MailSentSuccessfully- Flag that indicates if the mail was sent successfully.\n",
  "HelpLink": null,
  "Color": null,
  "OriginalIconFileName": null,
  "Arguments": [
    {
      "Name": "TenantID_Asset_Name",
      "DisplayName": "TenantID_Asset_Name",
      "Category": null,
      "Tooltip": null,
      "Placeholder": null,
      "Widget": null,
      "IsRequired": false,
      "IsPrincipal": true,
      "DataSourceItems": null
    },
    {
      "Name": "ApplicationID_Asset_Name",
      "DisplayName": "ApplicationID_Asset_Name",
      "Category": null,
      "Tooltip": null,
      "Placeholder": null,
      "Widget": null,
      "IsRequired": false,
      "IsPrincipal": true,
      "DataSourceItems": null
    },
    {
      "Name": "Application_Secret_Asset_Name",
      "DisplayName": "Application_Secret_Asset_Name",
      "Category": null,
      "Tooltip": null,
      "Placeholder": null,
      "Widget": null,
      "IsRequired": false,
      "IsPrincipal": true,
      "DataSourceItems": null
    },
    {
      "Name": "To_Email_Account",
      "DisplayName": "To_Email_Account",
      "Category": null,
      "Tooltip": null,
      "Placeholder": null,
      "Widget": null,
      "IsRequired": false,
      "IsPrincipal": true,
      "DataSourceItems": null
    },
    {
      "Name": "From_Email_Account",
      "DisplayName": "From_Email_Account",
      "Category": null,
      "Tooltip": null,
      "Placeholder": null,
      "Widget": null,
      "IsRequired": false,
      "IsPrincipal": true,
      "DataSourceItems": null
    },
    {
      "Name": "CC_Email_Account",
      "DisplayName": "CC_Email_Account",
      "Category": null,
      "Tooltip": null,
      "Placeholder": null,
      "Widget": null,
      "IsRequired": false,
      "IsPrincipal": true,
      "DataSourceItems": null
    },
    {
      "Name": "Mail_Subject",
      "DisplayName": "Mail_Subject",
      "Category": null,
      "Tooltip": null,
      "Placeholder": null,
      "Widget": null,
      "IsRequired": false,
      "IsPrincipal": true,
      "DataSourceItems": null
    },
    {
      "Name": "Mail_Body",
      "DisplayName": "Mail_Body",
      "Category": null,
      "Tooltip": null,
      "Placeholder": null,
      "Widget": null,
      "IsRequired": false,
      "IsPrincipal": true,
      "DataSourceItems": null
    },
    {
      "Name": "Attachment_List",
      "DisplayName": "Attachment_List",
      "Category": null,
      "Tooltip": null,
      "Placeholder": null,
      "Widget": null,
      "IsRequired": false,
      "IsPrincipal": true,
      "DataSourceItems": null
    },
    {
      "Name": "Orchestrator_Folder_Path",
      "DisplayName": "Orchestrator_Folder_Path",
      "Category": null,
      "Tooltip": null,
      "Placeholder": null,
      "Widget": null,
      "IsRequired": false,
      "IsPrincipal": true,
      "DataSourceItems": null
    }
  ]
}